Model,Platform,Inference Speed (Tokens/sec),Latency (ms),Memory Usage (GB),Energy Efficiency (TFLOPS/W)
LLaMA-2 7B,Φ(a)-Optimized,550,45,12,1.23
LLaMA-2 7B,OpenAI GPT-4,300,80,16,0.85
LLaMA-2 7B,Grok,320,85,15,0.9
LLaMA-2 7B,DeepSeek,280,90,14,0.87
LLaMA-2 7B,Ollama,330,78,13,0.92
LLaMA-2 13B,Φ(a)-Optimized,430,70,24,1.14
LLaMA-2 13B,OpenAI GPT-4,200,120,32,0.73
LLaMA-2 13B,Grok,210,125,30,0.78
LLaMA-2 13B,DeepSeek,190,130,28,0.74
LLaMA-2 13B,Ollama,240,115,26,0.81
GPT-4 175B,Φ(a)-Optimized,35,800,650,0.68
GPT-4 175B,OpenAI GPT-4,22,1300,900,0.42
GPT-4 175B,Grok,25,1400,870,0.5
GPT-4 175B,DeepSeek,18,1450,820,0.46
GPT-4 175B,Ollama,0,0,0,0.0
